pdf,page,line_no,raw
2026 GINCANA EFI-1º a 3º (1).pdf,1,1,JOGOS DO MONTEIRO
2026 GINCANA EFI-1º a 3º (1).pdf,1,2,2026
2026 GINCANA EFI-1º a 3º (1).pdf,1,3,GINCANA F1
2026 GINCANA EFI-1º a 3º (1).pdf,1,4,OBJETIVO: cada equipe deverá engajar-se nas atividades propostas a fim de atingir o objetivo de cada tarefa. Os
2026 GINCANA EFI-1º a 3º (1).pdf,1,5,"desafios deverão ser realizados de forma integrada, promovendo o trabalho em equipe."
2026 GINCANA EFI-1º a 3º (1).pdf,1,6,GINCANA EF I - SEGUNDA-FEIRA 04/05 - TARDE
2026 GINCANA EFI-1º a 3º (1).pdf,1,7,DATA 04/05 Tarde 04/05 Tarde
2026 GINCANA EFI-1º a 3º (1).pdf,1,8,LOCAL QUADRINHA VÔLEI QUADRA GRANDE OPEN
2026 GINCANA EFI-1º a 3º (1).pdf,1,9,HORÁRIO (após recreio) 16H30 ÀS 17h40min (após recreio) 16H30 ÀS 17h40min
2026 GINCANA EFI-1º a 3º (1).pdf,1,10,"TURMAS 41, 42 e 43 Roxo - 22 Vermelho - 20 Verde - 22 51, 52 e 53 Roxo - 17 Vermelho - 18 Verde - 19"
2026 GINCANA EFI-1º a 3º (1).pdf,1,11,ATIVIDADE Jogo do Resgate e Queimada Jogo do Resgate e Queimada
2026 GINCANA EFI-1º a 3º (1).pdf,1,12,PROFESSOR Marcella Gilmar
2026 GINCANA EFI-1º a 3º (1).pdf,1,13,MESÁRIOS Amadeu Lucas
2026 GINCANA EFI-1º a 3º (1).pdf,1,14,GINCANA EF I - TERÇA-FEIRA MANHÃ
2026 GINCANA EFI-1º a 3º (1).pdf,1,15,DATA 06/05 Manhã 06/05 Manhã 06/05 Manhã
2026 GINCANA EFI-1º a 3º (1).pdf,1,16,LOCAL ÁREA EM FRENTE AO TEATRO ÁREA EM FRENTE AO TEATRO QUADRAS DE AREIA OPEN
2026 GINCANA EFI-1º a 3º (1).pdf,1,17,HORÁRIO DAS 10h às 11h DAS 11H ÀS 11H50 DAS 10h às 11h
2026 GINCANA EFI-1º a 3º (1).pdf,1,18,"TURMAS 11,12 e 13 21, 22, 23 e 24 31,32 e 33"
2026 GINCANA EFI-1º a 3º (1).pdf,1,19,ATIVIDADE ● Desafio do camisetão ● Desafio do camisetão ● Voleibolzão
2026 GINCANA EFI-1º a 3º (1).pdf,1,20,● Corrida da colher ● Corrida da colher ● Passa- passa bambolê
2026 GINCANA EFI-1º a 3º (1).pdf,1,21,● Desafio do Tênis ● Desafio do Tênis ● Caça ao tênis.
2026 GINCANA EFI-1º a 3º (1).pdf,1,22,● Pula saco
2026 GINCANA EFI-1º a 3º (1).pdf,1,23,"PROFESSOR Larissa Patricia e Especializados Gabriela, Patricia e Sthefanie e Jéssica, Ivânia, Larissa e especializados"
2026 GINCANA EFI-1º a 3º (1).pdf,1,24,especializados
2026 GINCANA EFI-1º a 3º (1).pdf,1,25,MESÁRIOS Rafaela(11) Joseane Sophia
2026 GINCANA EFI-1º a 3º (1).pdf,2,1,GINCANA EF I - QUARTA-FEIRA 06/05 - MANHÃ E TARDE
2026 GINCANA EFI-1º a 3º (1).pdf,2,2,DATA 06/05 Manhã 06/05 Tarde
2026 GINCANA EFI-1º a 3º (1).pdf,2,3,LOCAL QUADRA SINTÉTICA OPEN QUADRA GRANDE OPEN
2026 GINCANA EFI-1º a 3º (1).pdf,2,4,HORÁRIO DAS 8H ÀS 11H DAS 13h50 ÀS 17H
2026 GINCANA EFI-1º a 3º (1).pdf,2,5,"TURMAS 41 e 51 42,43, 52 E 53"
2026 GINCANA EFI-1º a 3º (1).pdf,2,6,ATIVIDADE 1. Corrida com as conchas de feijão 1. Corrida com as conchas de feijão
2026 GINCANA EFI-1º a 3º (1).pdf,2,7,2. Desafio do camisetão 2. Desafio do camisetão
2026 GINCANA EFI-1º a 3º (1).pdf,2,8,3. Corrida do saco. 3. Corrida do saco.
2026 GINCANA EFI-1º a 3º (1).pdf,2,9,4. Bola no gol 4. Bola no gol
2026 GINCANA EFI-1º a 3º (1).pdf,2,10,5. Passa- passa bambolê 5. Passa- passa bambolê
2026 GINCANA EFI-1º a 3º (1).pdf,2,11,6. Corrida dentro da caixa de papelão 6. Corrida dentro da caixa de papelão
2026 GINCANA EFI-1º a 3º (1).pdf,2,12,7. A dança da vassoura 7. A dança da vassoura
2026 GINCANA EFI-1º a 3º (1).pdf,2,13,8. Brincadeira da estátua. 8. Brincadeira da estátua.
2026 GINCANA EFI-1º a 3º (1).pdf,2,14,9. Dança - coreografia (sortear a música). 9. Dança - coreografia (sortear a música).
2026 GINCANA EFI-1º a 3º (1).pdf,2,15,"PROFESSOR Roberta, Tatiana e especializados nos horários de aula. Paula, Dina, Tatiana, Nádia e especializados nos horários de aula."
2026 GINCANA EFI-1º a 3º (1).pdf,2,16,"MESÁRIOS Larissa,Rafaela(11)"
2026 GINCANA EFI-1º a 3º (1).pdf,2,17,GINCANA EF I - QUINTA -FEIRA 07/05 1ºMOMENTO
2026 GINCANA EFI-1º a 3º (1).pdf,2,18,DATA 5ª FEIRA Manhã 5ª FEIRA Tarde 5ª FEIRA Tarde
2026 GINCANA EFI-1º a 3º (1).pdf,2,19,LOCAL QUADRA COBERTA QUADRA COBERTA QUADRA GRANDE (chuva open)
2026 GINCANA EFI-1º a 3º (1).pdf,2,20,HORÁRIO Das 8h às 9h40 Das 14h às 15h40min Das 14h às 15h40min
2026 GINCANA EFI-1º a 3º (1).pdf,2,21,"TURMAS 11, 21 e 31 12, 13, 22, 23 e 24 32 e 33"
2026 GINCANA EFI-1º a 3º (1).pdf,2,22,Roxo - 18 Vermelho - 16 Roxo - 29 Vermelho - 23 Verde - 32 Roxo - 15 Vermelho - 15
2026 GINCANA EFI-1º a 3º (1).pdf,2,23,Verde - 18 Verde - 17
2026 GINCANA EFI-1º a 3º (1).pdf,2,24,ATIVIDADE ● Totozinho ● Totozinho ● Jogo do Resgate
2026 GINCANA EFI-1º a 3º (1).pdf,2,25,● Caçador de times ● Caçador de times ● Caçador
2026 GINCANA EFI-1º a 3º (1).pdf,2,26,● Pular corda (se der ● Pular corda) ● Pular corda
2026 GINCANA EFI-1º a 3º (1).pdf,2,27,tempo)
2026 GINCANA EFI-1º a 3º (1).pdf,2,28,PROFESSOR Marcella Gilmar
2026 GINCANA EFI-1º a 3º (1).pdf,2,29,MESÁRIOS
2026 GINCANA EFI-1º a 3º (1).pdf,2,30,GINCANA EF I - QUINTA -FEIRA 07/05 2ºMOMENTO
2026 GINCANA EFI-1º a 3º (1).pdf,2,31,DATA 5ª FEIRA Manhã 5ª FEIRA Tarde 5ª FEIRA Tarde 5ª FEIRA Tarde
2026 GINCANA EFI-1º a 3º (1).pdf,2,32,LOCAL QUADRA COBERTA QUADRA QUADRA GRANDE QUADRA VOLEIBOL
2026 GINCANA EFI-1º a 3º (1).pdf,2,33,COBERTA
2026 GINCANA EFI-1º a 3º (1).pdf,2,34,HORÁRIO Das 10h às 11h50min Das 16h às 17h50 Das 16h às 17h50 Das 16h às 17h50
2026 GINCANA EFI-1º a 3º (1).pdf,2,35,"PÚBLICO 11/21/31 12,13 22,23,E 24 32, 33"
2026 GINCANA EFI-1º a 3º (1).pdf,2,36,● Caça bandeiras Caça bandeiras Caça bandeiras. Ponte dos Colchonetes.
2026 GINCANA EFI-1º a 3º (1).pdf,2,37,● Desafio das bolinhas Desafio das Corrida com os cones. Caça bolinhas
2026 GINCANA EFI-1º a 3º (1).pdf,2,38,● Corrida com bolinhas Coelho sai da toca. Passando o corpo pelo bambolê.
2026 GINCANA EFI-1º a 3º (1).pdf,2,39,bambolês. Corrida com Passando os bambolês. Criar um cartaz sobre o tema da sua equipe
2026 GINCANA EFI-1º a 3º (1).pdf,2,40,● Passa bola bambolês. Jogo da velha dentro de um tempo estipulado.
2026 GINCANA EFI-1º a 3º (1).pdf,2,41,Passa bola Desafio das bolinhas Cópia de símbolos
2026 GINCANA EFI-1º a 3º (1).pdf,2,42,Corrida dos bambolês. Papel amassado em duplas
2026 GINCANA EFI-1º a 3º (1).pdf,2,43,Passa a bola Passa cabide
2026 GINCANA EFI-1º a 3º (1).pdf,2,44,Corrida com as conchas de feijão
2026 GINCANA EFI-1º a 3º (1).pdf,2,45,Desafio do camisetão
2026 GINCANA EFI-1º a 3º (1).pdf,2,46,Bola no gol
2026 GINCANA EFI-1º a 3º (1).pdf,3,1,Corrida dentro da caixa de papelão
2026 GINCANA EFI-1º a 3º (1).pdf,3,2,A dança da vassoura
2026 GINCANA EFI-1º a 3º (1).pdf,3,3,"PROFESSOR Larissa Gabriela Jéssi Larissa, Patrícia Gabriela, Patricia e Jéssica, Ivânia, Larissa e especializados"
2026 GINCANA EFI-1º a 3º (1).pdf,3,4,ca Sthefanie
2026 GINCANA EFI-1º a 3º (1).pdf,3,5,MESÁRIOS
2026 GINCANA EFI-1º a 3º (1).pdf,3,6,"As tarefas de gincana a serem desenvolvidas ocorrerão em dois espaços, sendo conduzidas pelas professoras"
2026 GINCANA EFI-1º a 3º (1).pdf,3,7,regentes no pátio da escola e pelos professores de educação física do Open. Atente-se ao horário e ao local
2026 GINCANA EFI-1º a 3º (1).pdf,3,8,indicados na tabela acima.
2026 GINCANA EFI-1º a 3º (1).pdf,3,9,PONTUAÇÃO E CRITÉRIOS DE AVALIAÇÃO:
2026 GINCANA EFI-1º a 3º (1).pdf,3,10,"- As equipes que, por si ou por seus integrantes, agirem de forma inadequada, desrespeitosa ou antiética, em"
2026 GINCANA EFI-1º a 3º (1).pdf,3,11,"relação às demais equipes, aos seus colegas, ou ainda aos professores e funcionários terão sua pontuação"
2026 GINCANA EFI-1º a 3º (1).pdf,3,12,comprometida conforme previsto no Regulamento dos Jogos do Monteiro 2025.
2026 GINCANA EFI-1º a 3º (1).pdf,3,13,"- As equipes poderão ficar em 1º, 2º ou 3º lugar em cada tarefa. A pontuação final será resultante do somatório do"
2026 GINCANA EFI-1º a 3º (1).pdf,3,14,"desempenho em cada etapa da gincana, e será feita seguindo o padrão indicado no Regulamento dos Jogos do"
2026 GINCANA EFI-1º a 3º (1).pdf,3,15,Monteiro 2026.
2026_EFII DESAFIO ACADÊMICO .pdf,1,1,TAREFA DESAFIO ACADÊMICO EFII
2026_EFII DESAFIO ACADÊMICO .pdf,1,2,"Data de realização da tarefa: 06 de maio de 2026, quarta-feira, das 14h às 18h."
2026_EFII DESAFIO ACADÊMICO .pdf,1,3,"Local: Salas de aula do 4º pavimento do Colégio, conforme tabela abaixo:"
2026_EFII DESAFIO ACADÊMICO .pdf,1,4,BANCA 101
2026_EFII DESAFIO ACADÊMICO .pdf,1,5,VERDE 91
2026_EFII DESAFIO ACADÊMICO .pdf,1,6,VERMELHO 92
2026_EFII DESAFIO ACADÊMICO .pdf,1,7,ROXO 102
2026_EFII DESAFIO ACADÊMICO .pdf,1,8,Tarefa: Os(as) estudantes de 6º ao 8º anos do EFII de cada equipe deverão solucionar o maior número de desafios do
2026_EFII DESAFIO ACADÊMICO .pdf,1,9,"conhecimento, dentro de um universo de 23 (mais o “desafio zero”), que envolvem as seguintes áreas: Raciocínio Lógico,"
2026_EFII DESAFIO ACADÊMICO .pdf,1,10,"Linguagens, Ciências Humanas & Atualidades e Ciências & Tecnologias."
2026_EFII DESAFIO ACADÊMICO .pdf,1,11,Pré-requisitos da tarefa:
2026_EFII DESAFIO ACADÊMICO .pdf,1,12,"a) Toda a comunicação com a Organização referente a esta tarefa ocorrerá, exclusivamente, com os(as) professores(as) que"
2026_EFII DESAFIO ACADÊMICO .pdf,1,13,"estarão na sala 101 (4º pavimento). Em casos de dúvidas ou impasses, caberá somente ao(à) coordenador(a) acadêmico(a) e"
2026_EFII DESAFIO ACADÊMICO .pdf,1,14,professores da equipe a interlocução com a Organização.
2026_EFII DESAFIO ACADÊMICO .pdf,1,15,"b) O(A) coordenador(a) acadêmico deverá se apresentar para a organização dos Jogos, na sala 101 (4º pavimento), às 13h50min"
2026_EFII DESAFIO ACADÊMICO .pdf,1,16,"para indicar 04 (quatro) alunos(as) representantes, que ficarão responsáveis pela retirada dos desafios e pela entrega das"
2026_EFII DESAFIO ACADÊMICO .pdf,1,17,respostas e/ou declarações de desistência.
2026_EFII DESAFIO ACADÊMICO .pdf,1,18,"c) O primeiro desafio somente será retirado após a resolução do DESAFIO ZERO, que será divulgado às 14 horas junto aos"
2026_EFII DESAFIO ACADÊMICO .pdf,1,19,representantes da Organização na sala 101 (4º pavimento). A equipe que resolver corretamente o DESAFIO ZERO terá direito a
2026_EFII DESAFIO ACADÊMICO .pdf,1,20,retirar o primeiro desafio. Cada desafio conterá as orientações para a questão e uma folha de Resposta.
2026_EFII DESAFIO ACADÊMICO .pdf,1,21,"ci) Entende-se como caractere apenas LETRAS, NÚMEROS e SÍMBOLOS."
2026_EFII DESAFIO ACADÊMICO .pdf,1,22,"cii) Não há limite para tentativas de resposta, tampouco penalizações para erros. Caso a equipe apresente uma resposta"
2026_EFII DESAFIO ACADÊMICO .pdf,1,23,"errada para a Organização dos Jogos, será orientada a tentar novamente, porém não receberá uma nova folha de Resposta –"
2026_EFII DESAFIO ACADÊMICO .pdf,1,24,todas as atividades deverão ser redigidas a caneta.
2026_EFII DESAFIO ACADÊMICO .pdf,1,25,"ciii) Caso a equipe opte por desistir, deverá preencher, junto à Organização dos Jogos, uma folha de Desistência, na qual"
2026_EFII DESAFIO ACADÊMICO .pdf,1,26,"registrará a cor da sua equipe e que será assinada por, pelo menos, um dos quatro representantes da tarefa."
2026_EFII DESAFIO ACADÊMICO .pdf,1,27,"d) Os desafios serão liberados um a um. Para passar para um próximo desafio, as equipes deverão acertar a resposta do"
2026_EFII DESAFIO ACADÊMICO .pdf,1,28,"desafio em que estiverem, ou desistir dele."
2026_EFII DESAFIO ACADÊMICO .pdf,1,29,"e) As equipes não poderão tentar, em nenhuma hipótese, responder novamente aos desafios dos quais desistiram."
2026_EFII DESAFIO ACADÊMICO .pdf,1,30,"f) Somente os estudantes de 6º a 8º anos, coordenadores do EFII, professores do EFII e familiares1 poderão auxiliar na"
2026_EFII DESAFIO ACADÊMICO .pdf,1,31,"realização dos desafios, sendo permitida a pesquisa de qualquer natureza. As folhas de respostas deverão ser preenchidas"
2026_EFII DESAFIO ACADÊMICO .pdf,1,32,apenas na sala da equipe.
2026_EFII DESAFIO ACADÊMICO .pdf,1,33,Penalizações da tarefa:
2026_EFII DESAFIO ACADÊMICO .pdf,1,34,"a) As equipes que, por si ou por seus integrantes, agirem de forma inadequada, desrespeitosa ou antiética em relação às"
2026_EFII DESAFIO ACADÊMICO .pdf,1,35,"demais equipes, aos seus colegas, ou ainda à Organização dos Jogos do Monteiro serão penalizadas."
2026_EFII DESAFIO ACADÊMICO .pdf,1,36,b) As equipes que tentarem acessar aos desafios e/ou às suas respostas de maneira ilegítima serão penalizadas.
2026_EFII DESAFIO ACADÊMICO .pdf,1,37,Critérios de avaliação da tarefa:
2026_EFII DESAFIO ACADÊMICO .pdf,1,38,a) A classificação das equipes se dará pelo número de questões resolvidas durante a tarefa. A equipe que tiver o maior
2026_EFII DESAFIO ACADÊMICO .pdf,1,39,número de questões resolvidas é a vencedora.
2026_EFII DESAFIO ACADÊMICO .pdf,1,40,"b) Havendo empate, será considerado critério de desempate a hora de entrega da última resposta correta. A equipe que"
2026_EFII DESAFIO ACADÊMICO .pdf,1,41,possuir o menor tempo vence.
2026_EFII DESAFIO ACADÊMICO .pdf,1,42,1 familiares só podem auxiliar remotamente.
TABELA OFICIAL DE JOGOS 2026 II.pdf,1,1,DATA: SEGUNDA-FEIRA - 04 DE MAIO DE 2026. TURNO: MANHÃ
TABELA OFICIAL DE JOGOS 2026 II.pdf,1,2,LOCAL: COLÉGIO MONTEIRO LOBATO
TABELA OFICIAL DE JOGOS 2026 II.pdf,1,3,HORÁRIOS: QUADRA GRANDE EXTERNA QUADRA PEQUENA EXTERNA QUADRA COBERTA QUADRA DE VOLEIBOL EXTERNA
TABELA OFICIAL DE JOGOS 2026 II.pdf,1,4,Arbitragem: _____________ Arbitragem:______________ Arbitragem:______________ Arbitragem:______________
TABELA OFICIAL DE JOGOS 2026 II.pdf,1,5,Coordenação: Bibiana Coordenação: Bruno Coordenação: Gilmar Coordenação: Zaliana
TABELA OFICIAL DE JOGOS 2026 II.pdf,1,6,Mesário: Giovana (AEE) Mesária: Thayna Mesário: Rafaela (11) Mesário: Marília (biblio)
TABELA OFICIAL DE JOGOS 2026 II.pdf,1,7,8h 3° ano EM - Basquete - MASCULINO 6° ano - Basquetebol - MASC 3º ano EM - Voleibol - FEM 2º ano EM - Voleibol - MASCULINO
TABELA OFICIAL DE JOGOS 2026 II.pdf,1,8,VERMELHO x ROXO VERMELHO x ROXO ROXO x VERDE VERMELHO x VERDE
TABELA OFICIAL DE JOGOS 2026 II.pdf,1,9,8h40 1° ano EM - - FUTSAL FEMININO 6° ano Basquetebol - Feminino 7° ano - Voleibol - FEMININO 7º ano - Voleibol - MASCULINO
TABELA OFICIAL DE JOGOS 2026 II.pdf,1,10,VERMELHO x VERDE ROXO x VERDE ROXO x VERDE VERMELHO x VERDE
TABELA OFICIAL DE JOGOS 2026 II.pdf,1,11,9h20 3° ano EM - Basquete - MASCULINO 6° ano - Basquetebol - MASC 3º ano EM - Voleibol - FEM 2º ano EM - Voleibol - MASCULINO
TABELA OFICIAL DE JOGOS 2026 II.pdf,1,12,VERDE x P-____________ VERDE x P-__________ VERMELHO x P-_____ ROXO x P-_________________
TABELA OFICIAL DE JOGOS 2026 II.pdf,1,13,10h10 RECREIO RECREIO RECREIO RECREIO
TABELA OFICIAL DE JOGOS 2026 II.pdf,1,14,10h30 1° ano - FUTSAL - FEMININO 6° ano - Basquetebol - FEMININO 7° ano - Voleibol - FEMININO 7º ano - Voleibol - MASCULINO
TABELA OFICIAL DE JOGOS 2026 II.pdf,1,15,ROXO x P-____________ VERMELHO x P-__________ VERMELHO x P-______ ROXO x P-_________________
TABELA OFICIAL DE JOGOS 2026 II.pdf,1,16,11h10 3° ano EM - Basquetebol - MASC 6° ano EM - Basquetebol - MASC 3° ano EM - Voleibol - FEM 2º ano - Voleibol - MASCULINO
TABELA OFICIAL DE JOGOS 2026 II.pdf,1,17,VERDE x V-____________ VERDE x V_______________ VERMELHO x V-__________ ROXO x V-__________________
TABELA OFICIAL DE JOGOS 2026 II.pdf,1,18,11h50 1° ano -FUTSAL - FEMININO 6° ano - Basquetebol - FEMININO 7° ano - Voleibol - FEMININO 7º ano - Voleibol - MASCULINO
TABELA OFICIAL DE JOGOS 2026 II.pdf,1,19,ROXO x V-______________ VERMELHO x V-_______ VERMELHO x V-______ ROXO x V-_________________
TABELA OFICIAL DE JOGOS 2026 II.pdf,2,1,DATA: SEGUNDA-FEIRA - 04 DE MAIO DE 2026. TURNO: MANHÃ
TABELA OFICIAL DE JOGOS 2026 II.pdf,2,2,LOCAL: MONTEIRO OPEN
TABELA OFICIAL DE JOGOS 2026 II.pdf,2,3,HORÁRIOS: GRAMA GRANDE QUADRA 1: QUADRA 2:
TABELA OFICIAL DE JOGOS 2026 II.pdf,2,4,Arbitragem:_____________ Arbitragem:____________ Arbitragem:____________
TABELA OFICIAL DE JOGOS 2026 II.pdf,2,5,Coordenação: Amadeu Coordenação: Fabio Coordenação: Daniel
TABELA OFICIAL DE JOGOS 2026 II.pdf,2,6,Mesário: Gabriel (xerox) Mesário: Vinicius Mesário: Rafaela (21)
TABELA OFICIAL DE JOGOS 2026 II.pdf,2,7,8h 9º ano - Futsal - MASCULINO 1° ano EM - Basquete - MASCULINO. 2° ano EM -Voleibol - FEM
TABELA OFICIAL DE JOGOS 2026 II.pdf,2,8,VERMELHO x ROXO ROXO x VERDE VERMELHO x ROXO
TABELA OFICIAL DE JOGOS 2026 II.pdf,2,9,8h40 9º ano - Futsal - FEMININO 8° ano - Basquetebol - MASCULINO 8° ano - Basquetebol - FEM
TABELA OFICIAL DE JOGOS 2026 II.pdf,2,10,ROXO x VERDE VERMELHO x VERDE VERMELHO x ROXO
TABELA OFICIAL DE JOGOS 2026 II.pdf,2,11,9h20 9º ano - Futsal - MASCULINO 1° ano EM - Basquetebol - MASC 2° ano EM -Voleibol - FEM
TABELA OFICIAL DE JOGOS 2026 II.pdf,2,12,VERDE x P-______________ VERMELHO x P-_____________ VERDE x P-_________
TABELA OFICIAL DE JOGOS 2026 II.pdf,2,13,10h10 RECREIO RECREIO RECREIO
TABELA OFICIAL DE JOGOS 2026 II.pdf,2,14,10h30 9º ano - Futsal - FEMININO 8° ano - Basquetebol MASCULINO 8° ano - Basquetebol - FEM
TABELA OFICIAL DE JOGOS 2026 II.pdf,2,15,VERMELHO x P-______________ ROXO x P-___________________ VERDE x P-___________
TABELA OFICIAL DE JOGOS 2026 II.pdf,2,16,11h10 9º ano - Futsal - MASCULINO 1° ano EM - Basquetebol - MASC 2° ano EM -Voleibol - FEM
TABELA OFICIAL DE JOGOS 2026 II.pdf,2,17,VERDE x V-______________ VERMELHO x V-____________ VERDE x V-_________
TABELA OFICIAL DE JOGOS 2026 II.pdf,2,18,11h50 9º ano - Futsal - FEMININO 8° ano - Basquetebol MASCULINO 8° ano - Basquetebol - FEM
TABELA OFICIAL DE JOGOS 2026 II.pdf,2,19,VERMELHO x V-______________ ROXO x V-_________________ VERDE x V-____________
TABELA OFICIAL DE JOGOS 2026 II.pdf,3,1,DATA: SEGUNDA-FEIRA - 4 DE MAIO 2026. TURNO: TARDE
TABELA OFICIAL DE JOGOS 2026 II.pdf,3,2,LOCAL: COLÉGIO MONTEIRO LOBATO
TABELA OFICIAL DE JOGOS 2026 II.pdf,3,3,HORÁRIOS: QUADRA GRANDE QUADRA PEQUENA QUADRA COBERTA QUADRA VOLEIBOL
TABELA OFICIAL DE JOGOS 2026 II.pdf,3,4,Arbitragem: Arbitragem: Arbitragem: Arbitragem:
TABELA OFICIAL DE JOGOS 2026 II.pdf,3,5,Coordenação: Daniel coordenação: Gilmar (até 15h50) Coordenação: Fabio Coordenação:
TABELA OFICIAL DE JOGOS 2026 II.pdf,3,6,Mesário: Bibiana (integral) Mesário: Thais (integral) Mesário: Mesário:
TABELA OFICIAL DE JOGOS 2026 II.pdf,3,7,14h30 3° ano EF I - FUTSAL - MASCULINO 3° ano EF I - FUTSAL - FEMININO 1º ano EF I-QUEIMADA - FEM
TABELA OFICIAL DE JOGOS 2026 II.pdf,3,8,ROXO X VERDE
TABELA OFICIAL DE JOGOS 2026 II.pdf,3,9,VERMELHO x ROXO ROXO x VERDE VERMELHO X P-__________
TABELA OFICIAL DE JOGOS 2026 II.pdf,3,10,VERMELHO X V-__________
TABELA OFICIAL DE JOGOS 2026 II.pdf,3,11,15h10 3° ano EF I - FUTSAL - MASCULINO 3° ano EF I - FUTSAL - FEMININO 1º ano EF I-QUEIMADA - MASC
TABELA OFICIAL DE JOGOS 2026 II.pdf,3,12,VERMELHO X VERDE
TABELA OFICIAL DE JOGOS 2026 II.pdf,3,13,VERDE x P-__________________ VERMELHO x P-_________ ROXO X P-________________
TABELA OFICIAL DE JOGOS 2026 II.pdf,3,14,ROXO X V-________________
TABELA OFICIAL DE JOGOS 2026 II.pdf,3,15,15h50 RECREIO RECREIO RECREIO RECREIO
TABELA OFICIAL DE JOGOS 2026 II.pdf,3,16,16h20 3° ano EF I - FUTSAL - MASCULINO 3° ano EF I - FUTSAL - FEMININO 1º ano EF I-BOLA POR CIMA
TABELA OFICIAL DE JOGOS 2026 II.pdf,3,17,DA REDE - FEMININO
TABELA OFICIAL DE JOGOS 2026 II.pdf,3,18,VERDE x V-__________________ VERMELHO x V-_________ VERMELHO X ROXO
TABELA OFICIAL DE JOGOS 2026 II.pdf,3,19,VERDE X P-_______________
TABELA OFICIAL DE JOGOS 2026 II.pdf,3,20,VERDE X V-_______________
TABELA OFICIAL DE JOGOS 2026 II.pdf,3,21,17h 3° ano EF I - DODGEBALL - MASC 3° ano EF I - DODGEBALL - FEM 1º ano EF I-BOLA POR CIMA
TABELA OFICIAL DE JOGOS 2026 II.pdf,3,22,DA REDE - MASCULINO
TABELA OFICIAL DE JOGOS 2026 II.pdf,3,23,VERMELHO x VERDE VERMELHO x ROXO ROXO X VERDE
TABELA OFICIAL DE JOGOS 2026 II.pdf,3,24,VERMELHO X P-___________
TABELA OFICIAL DE JOGOS 2026 II.pdf,3,25,VERMELHO X V-___________
TABELA OFICIAL DE JOGOS 2026 II.pdf,3,26,17h10 3° ano EF I - DODGEBALL - MASC 3° ano EF I - DODGEBALL - FEM
TABELA OFICIAL DE JOGOS 2026 II.pdf,3,27,ROXO x P-_______________ VERDE x P-_____________
TABELA OFICIAL DE JOGOS 2026 II.pdf,3,28,17h20 3° ano EF I - DODGEBALL - MASC 3° ano EF I - DODGEBALL - FEM
TABELA OFICIAL DE JOGOS 2026 II.pdf,3,29,ROXO x V-_______________ VERDE x V-____________
TABELA OFICIAL DE JOGOS 2026 II.pdf,4,1,DATA: SEGUNDA-FEIRA - 4 DE MAIO 2026. TURNO: TARDE
TABELA OFICIAL DE JOGOS 2026 II.pdf,4,2,LOCAL: MONTEIRO OPEN
TABELA OFICIAL DE JOGOS 2026 II.pdf,4,3,HORÁRIOS: QUADRA 1: QUADRA 2: QUADRA GRANDE:
TABELA OFICIAL DE JOGOS 2026 II.pdf,4,4,Arbitragem: Arbitragem: Arbitragem:
TABELA OFICIAL DE JOGOS 2026 II.pdf,4,5,Coordenação: Coordenação: Fabricio Coordenação: Bruno
TABELA OFICIAL DE JOGOS 2026 II.pdf,4,6,Mesário: Mesário: Diogo Mesário: Luah
TABELA OFICIAL DE JOGOS 2026 II.pdf,4,7,14h30 2° ano EF I -QUEIMADA DOS 2° ano EF I - FUTSAL - MASCULINO
TABELA OFICIAL DE JOGOS 2026 II.pdf,4,8,NÙMEROS - FEMININO
TABELA OFICIAL DE JOGOS 2026 II.pdf,4,9,VERMELHO x ROXO
TABELA OFICIAL DE JOGOS 2026 II.pdf,4,10,VERMELHO x VERDE
TABELA OFICIAL DE JOGOS 2026 II.pdf,4,11,15h10 2° ano EF I -QUEIMADA DOS 2° ano EF I - FUTSAL - MASCULINO
TABELA OFICIAL DE JOGOS 2026 II.pdf,4,12,NÙMEROS - FEMININO
TABELA OFICIAL DE JOGOS 2026 II.pdf,4,13,VERDE x P-_______________
TABELA OFICIAL DE JOGOS 2026 II.pdf,4,14,ROXO x P-___________________
TABELA OFICIAL DE JOGOS 2026 II.pdf,4,15,15h50 RECREIO RECREIO
TABELA OFICIAL DE JOGOS 2026 II.pdf,4,16,16h20 2° ano EF I -QUEIMADA DOS 2° ano EF I - FUTSAL - MASCULINO
TABELA OFICIAL DE JOGOS 2026 II.pdf,4,17,NÙMEROS - FEMININO
TABELA OFICIAL DE JOGOS 2026 II.pdf,4,18,VERDE x V-_______________
TABELA OFICIAL DE JOGOS 2026 II.pdf,4,19,ROXO x V-___________________
TABELA OFICIAL DE JOGOS 2026 II.pdf,4,20,17h 2° ano EF I -QUEIMADA DOS 2° ano EF I - FUTSAL - FEMININO
TABELA OFICIAL DE JOGOS 2026 II.pdf,4,21,NÙMEROS -MASCULINO
TABELA OFICIAL DE JOGOS 2026 II.pdf,4,22,VERMELHO x VERDE
TABELA OFICIAL DE JOGOS 2026 II.pdf,4,23,ROXO x VERDE
TABELA OFICIAL DE JOGOS 2026 II.pdf,4,24,17h10 2° ano EF I -QUEIMADA DOS 2° ano EF I - FUTSAL - FEMININO
TABELA OFICIAL DE JOGOS 2026 II.pdf,4,25,NÙMEROS - MASCULINO
TABELA OFICIAL DE JOGOS 2026 II.pdf,4,26,ROXO x P-_______________
TABELA OFICIAL DE JOGOS 2026 II.pdf,4,27,VERMELHO x P-_______________
TABELA OFICIAL DE JOGOS 2026 II.pdf,4,28,17h20 2° ano EF I -QUEIMADA DOS 2° ano EF I - FUTSAL - FEMININO
TABELA OFICIAL DE JOGOS 2026 II.pdf,4,29,NÙMEROS - MASCULINO
TABELA OFICIAL DE JOGOS 2026 II.pdf,4,30,ROXO x V-_______________
TABELA OFICIAL DE JOGOS 2026 II.pdf,4,31,VERMELHO x V-_______________
TABELA OFICIAL DE JOGOS 2026 II.pdf,5,1,DATA: SEGUNDA-FEIRA - 4 DE MAIO DE 2026. TURNO: NOITE
TABELA OFICIAL DE JOGOS 2026 II.pdf,5,2,LOCAL: COLÉGIO MONTEIRO LOBATO
TABELA OFICIAL DE JOGOS 2026 II.pdf,5,3,HORÁRIOS: QUADRA GRANDE EXTERNA QUADRA PEQUENA QUADRA COBERTA QUADRA DE VOLEIBOL EXTERNA
TABELA OFICIAL DE JOGOS 2026 II.pdf,5,4,Arbitragem: _____________ Arbitragem: Arbitragem: Arbitragem:______________
TABELA OFICIAL DE JOGOS 2026 II.pdf,5,5,Coordenação: Simone Coordenação: Bruno Coordenação: Gilmar Coordenador: Joel
TABELA OFICIAL DE JOGOS 2026 II.pdf,5,6,Mesário: Fabricio Mesário: Fabio Mesário: Diogo Mesário: Amadeu
TABELA OFICIAL DE JOGOS 2026 II.pdf,5,7,17h30 7° ano EF II - BASQUETEBOL - FEM 7° ano EF II - BASQUETE FEMININO 8° ano EF II - VOLEIBOL MASC 6° ano EF II - VOLEIBOL FEM
TABELA OFICIAL DE JOGOS 2026 II.pdf,5,8,VERMELHO x VERDE VERMELHO x ROXO VERMELHO x VERDE VERMELHO x ROXO
TABELA OFICIAL DE JOGOS 2026 II.pdf,5,9,18h 7° ano EF II - BASQUETEBOL - FEM 7° ano EF II - BASQUETE FEMININO 8° ano EF II - VOLEIBOL MASC. 6º ano EF II- VOLEIBOL FEM
TABELA OFICIAL DE JOGOS 2026 II.pdf,5,10,ROXO x P-_______________ ROXO x P-_________________ ROXO x P´_____________ VERDE x P-_________________
TABELA OFICIAL DE JOGOS 2026 II.pdf,5,11,18h30 7° ano EF II - BASQUETEBOL - FEM 7° ano EF II - BASQUETE FEMININO 8° ano EF II - VOLEIBOL MASC 6° ano EF II - VOLEIBOL FEM
TABELA OFICIAL DE JOGOS 2026 II.pdf,5,12,ROXO x V-________________ ROXO x V-______________ ROXO x V-______________ VERDE x V-_________________
TABELA OFICIAL DE JOGOS 2026 II.pdf,5,13,19h 3º ano EM - HANDEBOL FEM 2° ano EM - FUTSAL FEM 1° ano EM - VOLEI FEM 9º ano EF II- VOLEIBOL FEM
TABELA OFICIAL DE JOGOS 2026 II.pdf,5,14,VERMELHO x ROXO VERMELHO x ROXO VERDE x ROXO VERDE x VERMELHO
TABELA OFICIAL DE JOGOS 2026 II.pdf,5,15,19h30 3° ano EM - HANDEBOL - FEM 2° ano EM - FUTSAL FEM 1° ano EM - VOLEI FEM 9° ano EF II - VOLEIBOL FEM
TABELA OFICIAL DE JOGOS 2026 II.pdf,5,16,VERDE x P-______________ VERDE x P-______________ VERMELHO x V-_________ ROXO x P-_________________
TABELA OFICIAL DE JOGOS 2026 II.pdf,5,17,20h 3° ano EM - HANDEBOL - FEM 2° ano - FUTSAL FEM 1° ano EM - VOLEI FEM 9º ano EF II- VOLEIBOL FEM
TABELA OFICIAL DE JOGOS 2026 II.pdf,5,18,VERDE x V-______________ VERDE x V-______________ VERMELHO x V-_________ ROXO x V ________________
TABELA OFICIAL DE JOGOS 2026 II.pdf,6,1,DATA: SEGUNDA-FEIRA - 4 DE MAIO DE 2026. TURNO: NOITE
TABELA OFICIAL DE JOGOS 2026 II.pdf,6,2,LOCAL: MONTEIRO OPEN
TABELA OFICIAL DE JOGOS 2026 II.pdf,6,3,HORÁRIOS: QUA|DRA GRANDE QUADRA 1: QUADRA 2:
TABELA OFICIAL DE JOGOS 2026 II.pdf,6,4,Arbitragem:_____________ Arbitragem:____________ Arbitragem:____________
TABELA OFICIAL DE JOGOS 2026 II.pdf,6,5,Coordenação: Zaliana Coordenação: Daniel Coordenação: Bibiana
TABELA OFICIAL DE JOGOS 2026 II.pdf,6,6,Mesário: Leca Mesário: Viviane Mesário: Joseane
TABELA OFICIAL DE JOGOS 2026 II.pdf,6,7,17h30 1° ano EM - FUTSAL MASC 6º ano EF II - VOLEIBOL - MASC 8º ano EF II - VOLEIBOL - FEM
TABELA OFICIAL DE JOGOS 2026 II.pdf,6,8,VERMELHO x VERDE VERMELHO x ROXO ROXO x VERDE
TABELA OFICIAL DE JOGOS 2026 II.pdf,6,9,18h 1° ano EM - FUTSAL MASC 6º ano EF II - VOLEIBOL - MASC 8º ano EF II- VOLEIBOL FEM
TABELA OFICIAL DE JOGOS 2026 II.pdf,6,10,ROXO x P-____________ VERDE x P-________________ VERMELHO x P-__________
TABELA OFICIAL DE JOGOS 2026 II.pdf,6,11,18h30 1° ano EM - FUTSAL MASC 6º ano EF II - VOLEIBOL - MASC 8º ano - VOLEIBOL - FEM
TABELA OFICIAL DE JOGOS 2026 II.pdf,6,12,ROXO x V-______________ VERDE x V-_________________ VERMELHO x V-__________
TABELA OFICIAL DE JOGOS 2026 II.pdf,6,13,19h 2° ano EM - FUTSAL MASCULINO 3º ano EM - VOLEIBOL - MASCULINO 9º ano- VOLEIBOL MASC
TABELA OFICIAL DE JOGOS 2026 II.pdf,6,14,VERMELHO x ROXO ROXO x VERDE ROXO x VERDE
TABELA OFICIAL DE JOGOS 2026 II.pdf,6,15,19h30 2° ano EM - FUTSAL MASCULINO 3º ano EM - VOLEIBOL - MASCULINO 9º ano - VOLEIBOL - MASC
TABELA OFICIAL DE JOGOS 2026 II.pdf,6,16,VERDE x P- _____________ VERMELHO x P-_____________ VERMELHO x P-__________
TABELA OFICIAL DE JOGOS 2026 II.pdf,6,17,20h 2° ano EM - FUTSAL MASCULINO 3º ano EM - VOLEIBOL - MASCULINO 9º ano - VOLEIBOL MASC
TABELA OFICIAL DE JOGOS 2026 II.pdf,6,18,VERDE x V-_____________ VERMELHO x V-______________ VERMELHO x V-.__________
TABELA OFICIAL DE JOGOS 2026 II.pdf,7,1,DATA: TERÇA-FEIRA - 5 DE MAIO DE 2026. TURNO: MANHÃ
TABELA OFICIAL DE JOGOS 2026 II.pdf,7,2,LOCAL: MONTEIRO OPEN
TABELA OFICIAL DE JOGOS 2026 II.pdf,7,3,HORÁRIOS: QUADRA GRANDE QUADRA 1: QUADRA 2:
TABELA OFICIAL DE JOGOS 2026 II.pdf,7,4,Arbitragem:_____________ Arbitragem:____________ Arbitragem:____________
TABELA OFICIAL DE JOGOS 2026 II.pdf,7,5,Coordenação: Amadeu Coordenação: Daniel Coordenação: Bibiana
TABELA OFICIAL DE JOGOS 2026 II.pdf,7,6,Mesário: Viviane Mesário: Joel Mesário: Gabriel (xerox)
TABELA OFICIAL DE JOGOS 2026 II.pdf,7,7,8h 7° ano - Handebol - FEMININO 1° ano EM - BASQUETEBOL - FEM 6° ano - DODGEBALL FEM
TABELA OFICIAL DE JOGOS 2026 II.pdf,7,8,VERMELHO x VERDE VERMELHO x ROXO ROXO x VERDE
TABELA OFICIAL DE JOGOS 2026 II.pdf,7,9,8h40 7° ano - Handebol - MASCULINO 9° ano -BASQUETEBOL MASCULINO 9° ano -BASQUETEBOL FEM
TABELA OFICIAL DE JOGOS 2026 II.pdf,7,10,VERMELHO x ROXO ROXO x VERDE VERMELHO x VERDE
TABELA OFICIAL DE JOGOS 2026 II.pdf,7,11,9h20 7° ano - Handebol - FEMININO 1° ano EM - BASQUETEBOL - FEM 6° ano - DODGEBALL FEM
TABELA OFICIAL DE JOGOS 2026 II.pdf,7,12,ROXO x P-______________ VERDE x P-___________________ VERMELHO x P___________
TABELA OFICIAL DE JOGOS 2026 II.pdf,7,13,10h10 RECREIO RECREIO RECREIO
TABELA OFICIAL DE JOGOS 2026 II.pdf,7,14,10h30 7° ano - Handebol - MASCULINO 9° ano -BASQUETEBOL MASCULINO 9° ano -BASQUETEBOL FEM
TABELA OFICIAL DE JOGOS 2026 II.pdf,7,15,VERDE x P-___________________ VERMELHO x P-______________ ROXO x P- ________________
TABELA OFICIAL DE JOGOS 2026 II.pdf,7,16,11h10 7° ano - Handebol - FEMININO 1° ano EM - BASQUETEBOL - FEM 6° ano - DODGEBALL FEM
TABELA OFICIAL DE JOGOS 2026 II.pdf,7,17,ROXO x V-______________ VERDE x V-___________________ VERMELHO x V___________
TABELA OFICIAL DE JOGOS 2026 II.pdf,7,18,11h50 7° ano - Handebol - MASCULINO 9° ano -BASQUETEBOL MASCULINO 9° ano -BASQUETEBOL FEM
TABELA OFICIAL DE JOGOS 2026 II.pdf,7,19,VERDE x V-___________________ VERMELHO x V-______________ ROXO x V________________
TABELA OFICIAL DE JOGOS 2026 II.pdf,8,1,DATA: TERÇA-FEIRA - 5 DE MAIO DE 2026. TURNO: MANHÃ
TABELA OFICIAL DE JOGOS 2026 II.pdf,8,2,LOCAL: COLÉGIO MONTEIRO LOBATO
TABELA OFICIAL DE JOGOS 2026 II.pdf,8,3,HORÁRIOS: QUADRA GRANDE EXTERNA QUADRA PEQUENA EXTERNA QUADRA COBERTA QUADRA DE VOLEIBOL EXTERNA
TABELA OFICIAL DE JOGOS 2026 II.pdf,8,4,Arbitragem: _____________ Arbitragem:______________ Arbitragem:______________ Arbitragem:______________
TABELA OFICIAL DE JOGOS 2026 II.pdf,8,5,Coordenação: Coordenação: Bruno Coordenação: Coordenação: Gilmar
TABELA OFICIAL DE JOGOS 2026 II.pdf,8,6,Mesário: Thayna Mesária: Simone Mesário: Giovana (AEE) Mesário: Fabio
TABELA OFICIAL DE JOGOS 2026 II.pdf,8,7,8h 3° ano EM - FUTSAL MASCULINO 3º ano EM - Basquete -FEM 8° ano - FUTSAL MASC 1° ano EM - VOLEIBOL MASCULINO
TABELA OFICIAL DE JOGOS 2026 II.pdf,8,8,ROXO x VERDE VERMELHO x VERDE VERMELHO x ROXO VERMELHO x VERDE
TABELA OFICIAL DE JOGOS 2026 II.pdf,8,9,8h40 2ª ano EM - BASQUETE MASC 2º ano EM - Basquete -FEM 8° ano - FUTSAL FEM 6° ano - DODGEBALL MASC
TABELA OFICIAL DE JOGOS 2026 II.pdf,8,10,VERMELHO x ROXO ROXO x VERDE ROXO x VERDE VERMELHO x VERDE
TABELA OFICIAL DE JOGOS 2026 II.pdf,8,11,9h20 3° ano EM - FUTSAL MASCULINO 3º ano EM - Basquete - FEM 8° ano - FUTSAL MASC 1° ano EM - VOLEIBOL MASCULINO
TABELA OFICIAL DE JOGOS 2026 II.pdf,8,12,VERMELHO x P-____________ ROXO x P-________________ VERDE x P-__________ ROXO x P-_____________
TABELA OFICIAL DE JOGOS 2026 II.pdf,8,13,10h10 RECREIO RECREIO RECREIO RECREIO
TABELA OFICIAL DE JOGOS 2026 II.pdf,8,14,10h30 2ª ano EM - BASQUETE MASC 2º ano EM - Basquete - FEM 8° ano - FUTSAL FEM 6° ano - DODGEBALL MASC
TABELA OFICIAL DE JOGOS 2026 II.pdf,8,15,VERDE x P-_____________ VERMELHO x P-___________ VERMELHO x P-_______ ROXO x P.____________
TABELA OFICIAL DE JOGOS 2026 II.pdf,8,16,11h10 3° ano EM - FUTSAL MASCULINO 3º ano EM - Basquete - FEM 8° ano - FUTSAL MASC 1° ano EM - VOLEIBOL MASCULINO
TABELA OFICIAL DE JOGOS 2026 II.pdf,8,17,VERMELHO x V-____________ ROXO x V-________________ VERDE x V-___________ ROXO x V-_____________
TABELA OFICIAL DE JOGOS 2026 II.pdf,8,18,11h50 2ª ano EM - BASQUETE MASC 2º ano EM - Basquete - FEM 8° ano - FUTSAL FEM 6° ano - DODGEBALL MASC
TABELA OFICIAL DE JOGOS 2026 II.pdf,8,19,VERDE x V-_____________ VERMELHO x V-___________ VERMELHO x V-_______ ROXO x V.____________
TABELA OFICIAL DE JOGOS 2026 II.pdf,9,1,DATA: TERÇA-FEIRA - 5 DE MAIO DE 2026. TURNO: TARDE
TABELA OFICIAL DE JOGOS 2026 II.pdf,9,2,LOCAL: COLÉGIO MONTEIRO LOBATO
TABELA OFICIAL DE JOGOS 2026 II.pdf,9,3,HORÁRIOS: QUADRA GRANDE QUADRA PEQUENA QUADRA COBERTA QUADRA VOLEIBOL
TABELA OFICIAL DE JOGOS 2026 II.pdf,9,4,Arbitragem: Arbitragem: Arbitragem: Arbitragem:
TABELA OFICIAL DE JOGOS 2026 II.pdf,9,5,Coordenação: Daniel Coordenação: Coordenação: Daniel Coordenação:
TABELA OFICIAL DE JOGOS 2026 II.pdf,9,6,Mesário: Mesário: Mesário: Mesário:
TABELA OFICIAL DE JOGOS 2026 II.pdf,9,7,14h 5º ano - FUTSAL - MASCULINO
TABELA OFICIAL DE JOGOS 2026 II.pdf,9,8,VERMELHO x VERDE
TABELA OFICIAL DE JOGOS 2026 II.pdf,9,9,14h40 5° ano - FUTSAL - MASCULINO _
TABELA OFICIAL DE JOGOS 2026 II.pdf,9,10,ROXO x P-__________
TABELA OFICIAL DE JOGOS 2026 II.pdf,9,11,15h20 5° ano - FUTSAL _ MASCULINO
TABELA OFICIAL DE JOGOS 2026 II.pdf,9,12,ROXO x V-_____________
TABELA OFICIAL DE JOGOS 2026 II.pdf,9,13,16h RECREIO
TABELA OFICIAL DE JOGOS 2026 II.pdf,9,14,16h20 5º ano - FUTSAL - FEMININO
TABELA OFICIAL DE JOGOS 2026 II.pdf,9,15,VERMELHO x ROXO
TABELA OFICIAL DE JOGOS 2026 II.pdf,9,16,17h 5° ano - FUTSAL - FEMININO
TABELA OFICIAL DE JOGOS 2026 II.pdf,9,17,VERDE x P-_________
TABELA OFICIAL DE JOGOS 2026 II.pdf,9,18,17h30 5° ano - FUTSAL - FEMININO
TABELA OFICIAL DE JOGOS 2026 II.pdf,9,19,VERDE x V-____________
TABELA OFICIAL DE JOGOS 2026 II.pdf,10,1,DATA: TERÇA-FEIRA - 5 DE MAIO DE 2026. TURNO: TARDE
TABELA OFICIAL DE JOGOS 2026 II.pdf,10,2,LOCAL: MONTEIRO OPEN
TABELA OFICIAL DE JOGOS 2026 II.pdf,10,3,HORÁRIOS: QUADRA GRANDE QUADRA 1 QUADRA 2
TABELA OFICIAL DE JOGOS 2026 II.pdf,10,4,Arbitragem: Arbitragem: Arbitragem:
TABELA OFICIAL DE JOGOS 2026 II.pdf,10,5,Coordenação: Bruno Coordenação: Gilmar Coordenação: Amadeu
TABELA OFICIAL DE JOGOS 2026 II.pdf,10,6,Mesário: Mesário: Mesário:
TABELA OFICIAL DE JOGOS 2026 II.pdf,10,7,14h 4º ano - FUTSAL -MASCULINO 5º ano - DODGEBALL - FEMININO 4º ano - DODGEBALL - FEM
TABELA OFICIAL DE JOGOS 2026 II.pdf,10,8,ROXO x VERDE VERMELHO x ROXO VERMELHO x VERDE
TABELA OFICIAL DE JOGOS 2026 II.pdf,10,9,14h40 4° ano - FUTSAL - MASCULINO 5º ano - DODGEBALL - FEMININO 4º ano - DODGEBALL - FEM
TABELA OFICIAL DE JOGOS 2026 II.pdf,10,10,VERMELHO x P-_____________ VERDE x P-_________________ ROXO x P-_______
TABELA OFICIAL DE JOGOS 2026 II.pdf,10,11,15h20 4° ano - FUTSAL _ MASCULINO 5º ano - DODGEBALL - FEMININO 4º ano - DODGEBALL - FEM
TABELA OFICIAL DE JOGOS 2026 II.pdf,10,12,VERMELHO x V-________________ VERDE x V-__________________ ROXO x V-_______
TABELA OFICIAL DE JOGOS 2026 II.pdf,10,13,16h RECREIO
TABELA OFICIAL DE JOGOS 2026 II.pdf,10,14,16h20 4º ano - FUTSAL - FEMININO 5º ano - DODGEBALL - MASCULINO 4º ano - DODGEBALL - MASC
TABELA OFICIAL DE JOGOS 2026 II.pdf,10,15,VERMELHO x VERDE ROXO x VERDE VERMELHO x ROXO
TABELA OFICIAL DE JOGOS 2026 II.pdf,10,16,17h 4º ano - FUTSAL - FEMININO 5º ano - DODGEBALL - MASCULINO 4º ano - DODGEBALL - MASC
TABELA OFICIAL DE JOGOS 2026 II.pdf,10,17,ROXO x P-__________ VERMELHO x P-_______________ VERDE x P-_______
TABELA OFICIAL DE JOGOS 2026 II.pdf,10,18,17h30 4º ano - FUTSAL - FEMININO 5º ano - DODGEBALL - MASCULINO 4º ano - DODGEBALL - MASC
TABELA OFICIAL DE JOGOS 2026 II.pdf,10,19,ROXO x V-__________ VERMELHO x V-________________ VERDE x V-_______
TABELA OFICIAL DE JOGOS 2026 II.pdf,11,1,DATA: QUARTA-FEIRA - 6 DE MAIO DE 2026. TURNO: MANHÃ
TABELA OFICIAL DE JOGOS 2026 II.pdf,11,2,LOCAL: COLÉGIO MONTEIRO LOBATO
TABELA OFICIAL DE JOGOS 2026 II.pdf,11,3,HORÁRIOS: QUADRA GRANDE EXTERNA QUADRA PEQUENA EXTERNA QUADRA COBERTA QUADRA DE VOLEIBOL EXTERNA
TABELA OFICIAL DE JOGOS 2026 II.pdf,11,4,Arbitragem: _____________ Arbitragem:______________ Arbitragem:______________ Arbitragem:______________
TABELA OFICIAL DE JOGOS 2026 II.pdf,11,5,Coordenação: Zaliana Coordenação: Bruno Coordenação: Leca Coordenação: Bibiana
TABELA OFICIAL DE JOGOS 2026 II.pdf,11,6,Mesário: Fabio Mesária: Thayna Mesário: Rafaela (11) Mesário:
TABELA OFICIAL DE JOGOS 2026 II.pdf,11,7,8h 3° ano EM - Handebol - MASCULINO 6° ano - Futsal - MASC 7º ano - Futsal - MASCULINO 8º ano - HANDEBOL - MASCULINO
TABELA OFICIAL DE JOGOS 2026 II.pdf,11,8,ROXO x VERDE VERMELHO x ROXO VERMELHO x VERDE ROXO x VERDE
TABELA OFICIAL DE JOGOS 2026 II.pdf,11,9,8h40 2° ano EM - Handebol MASCULINO 6° ano - Futsal - Feminino 7° ano - Futsal - FEMININO 8º ano - HANDEBOL - FEMININO
TABELA OFICIAL DE JOGOS 2026 II.pdf,11,10,VERMELHO x ROXO ROXO x VERDE VERMELHO x ROXO VERMELHO x VERDE
TABELA OFICIAL DE JOGOS 2026 II.pdf,11,11,9h20 3° ano EM - Handebol - MASCULINO 6° ano - Futsal - MASC 7º ano Futsal - MASCULIMO 8º ano HANDEBOL - MASCULINO
TABELA OFICIAL DE JOGOS 2026 II.pdf,11,12,VERMELHO x P-____________ VERDE x P-__________ ROXO x P_________ VERMELHO x P-_____________
TABELA OFICIAL DE JOGOS 2026 II.pdf,11,13,10h10 RECREIO RECREIO RECREIO RECREIO
TABELA OFICIAL DE JOGOS 2026 II.pdf,11,14,10h30 2° ano - Handebol - MASCULINO 6° ano - Futsal - FEMININO 7° ano - Futsal - FEMININO 8º ano - HANDEBOL - FEMININO
TABELA OFICIAL DE JOGOS 2026 II.pdf,11,15,VERDE x P-____________ VERMELHO x P-___________ VERDE x P-___________ ROXO x P-_________________
TABELA OFICIAL DE JOGOS 2026 II.pdf,11,16,11h10 3° ano EM - Handebol- MASCULINO 6° ano EM - Futsal - MASC 7º ano - Futsal - MASCULINO 8º ano - HANDEBOL - MASCULINO
TABELA OFICIAL DE JOGOS 2026 II.pdf,11,17,VERMELHO x V-____________ VERDE x V_______________ ROXO x V-__________ VERMELHO x V-_____________
TABELA OFICIAL DE JOGOS 2026 II.pdf,11,18,11h50 2° ano Handebol MASCULINO 6° ano - Futsal - FEMININO 7° ano - Futsal - FEMININO 8º ano - HANDEBOL - FEMININO
TABELA OFICIAL DE JOGOS 2026 II.pdf,11,19,VERDE x V-______________ VERMELHO x V-________ VERDE x V-___________ ROXO x V-_________________
TABELA OFICIAL DE JOGOS 2026 II.pdf,12,1,DATA: QUARTA-FEIRA - 6 DE MAIO DE 2026. TURNO: MANHÃ
TABELA OFICIAL DE JOGOS 2026 II.pdf,12,2,LOCAL: MONTEIRO OPEN
TABELA OFICIAL DE JOGOS 2026 II.pdf,12,3,HORÁRIOS: GRAMA GRANDE QUADRA 1 e 2:
TABELA OFICIAL DE JOGOS 2026 II.pdf,12,4,Arbitragem:_____________ Arbitragem:____________
TABELA OFICIAL DE JOGOS 2026 II.pdf,12,5,Coordenação: Amadeu Coordenação: Daniel
TABELA OFICIAL DE JOGOS 2026 II.pdf,12,6,Mesário: Mesário: Giovana (AEE)
TABELA OFICIAL DE JOGOS 2026 II.pdf,12,7,8h 3º ano EM - Futsal - FEMININO 8h -l Masc 1° ano EM
TABELA OFICIAL DE JOGOS 2026 II.pdf,12,8,VERMELHO x ROXO
TABELA OFICIAL DE JOGOS 2026 II.pdf,12,9,VERMELHO x VERDE 8h25-Handebol Fem 1º ano EM
TABELA OFICIAL DE JOGOS 2026 II.pdf,12,10,ROXO x VERDE
TABELA OFICIAL DE JOGOS 2026 II.pdf,12,11,8h50 -Handebol Masc - 9º ano EF II
TABELA OFICIAL DE JOGOS 2026 II.pdf,12,12,VERMELHO x VERDE
TABELA OFICIAL DE JOGOS 2026 II.pdf,12,13,9h15 - Handebol Fem 9º ano EF II
TABELA OFICIAL DE JOGOS 2026 II.pdf,12,14,VERMELHO x ROXO
TABELA OFICIAL DE JOGOS 2026 II.pdf,12,15,8h40 2º ano EM - Handebol - FEMININO 9h40 -Handebol Masc 1° ano EM
TABELA OFICIAL DE JOGOS 2026 II.pdf,12,16,VERDE x P_____________
TABELA OFICIAL DE JOGOS 2026 II.pdf,12,17,ROXO x VERDE 10h05-Handebol Fem 1º ano EM
TABELA OFICIAL DE JOGOS 2026 II.pdf,12,18,VERMELHO x P_____________
TABELA OFICIAL DE JOGOS 2026 II.pdf,12,19,10h30 -Handebol Masc - 9º ano EF II
TABELA OFICIAL DE JOGOS 2026 II.pdf,12,20,ROXO x P_____________
TABELA OFICIAL DE JOGOS 2026 II.pdf,12,21,10h55 - Handebol Fem 9º ano EF II
TABELA OFICIAL DE JOGOS 2026 II.pdf,12,22,VERDE x P_____________
TABELA OFICIAL DE JOGOS 2026 II.pdf,12,23,9h20 3º ano EM - Futsal - FEMININO 11h20 -Handebol Masc 1° ano EM
TABELA OFICIAL DE JOGOS 2026 II.pdf,12,24,VERDE x V_____________
TABELA OFICIAL DE JOGOS 2026 II.pdf,12,25,ROXO x P-______________ 11h45-Handebol Fem 1º ano EM
TABELA OFICIAL DE JOGOS 2026 II.pdf,12,26,VERMELHO x V_____________
TABELA OFICIAL DE JOGOS 2026 II.pdf,12,27,12h10 -Handebol Masc - 9º ano EF II
TABELA OFICIAL DE JOGOS 2026 II.pdf,12,28,ROXO x V_____________
TABELA OFICIAL DE JOGOS 2026 II.pdf,12,29,12h35 - Handebol Fem 9º ano EF II
TABELA OFICIAL DE JOGOS 2026 II.pdf,12,30,VERDE x V_____________
TABELA OFICIAL DE JOGOS 2026 II.pdf,12,31,10h10 RECREIO RECREIO
TABELA OFICIAL DE JOGOS 2026 II.pdf,12,32,10h30 2º ano EM - Handebol - FEMININO
TABELA OFICIAL DE JOGOS 2026 II.pdf,12,33,VERMELHO x P-______________
TABELA OFICIAL DE JOGOS 2026 II.pdf,12,34,11h10 3º ano EM - Futsal - FEMININO
TABELA OFICIAL DE JOGOS 2026 II.pdf,12,35,ROXO x V-______________
TABELA OFICIAL DE JOGOS 2026 II.pdf,13,1,11h50 2º ano EM - Handebol - FEMININO
TABELA OFICIAL DE JOGOS 2026 II.pdf,13,2,VERMELHO x V-______________
TABELA OFICIAL DE JOGOS 2026 II.pdf,14,1,DATA: QUARTA-FEIRA - 06 DE MAIO 2026. TURNO: TARDE
TABELA OFICIAL DE JOGOS 2026 II.pdf,14,2,LOCAL: COLÉGIO MONTEIRO LOBATO
TABELA OFICIAL DE JOGOS 2026 II.pdf,14,3,HORÁRIOS: QUADRA GRANDE QUADRA VOLEIBOL QUADRA COBERTA QUADRA PEQUENA
TABELA OFICIAL DE JOGOS 2026 II.pdf,14,4,Arbitragem: Arbitragem: Arbitragem: Arbitragem:
TABELA OFICIAL DE JOGOS 2026 II.pdf,14,5,Coordenação: Daniel coordenação: Fabio Coordenação: Diogo Coordenação: Fabricio
TABELA OFICIAL DE JOGOS 2026 II.pdf,14,6,Mesário: Mesário: Mesário: Mesário:
TABELA OFICIAL DE JOGOS 2026 II.pdf,14,7,14h 3° ano EF I - QUEIMADA MASCULINA 3° ano EF I - NEWCOMB FEMININO 1º ano EF I - FUTSAL MASC 1º ano EF I - CORRIDA
TABELA OFICIAL DE JOGOS 2026 II.pdf,14,8,VERMELHO x VERDE FEMININA
TABELA OFICIAL DE JOGOS 2026 II.pdf,14,9,ROXO x VERDE
TABELA OFICIAL DE JOGOS 2026 II.pdf,14,10,VERMELHO x VERDE
TABELA OFICIAL DE JOGOS 2026 II.pdf,14,11,14h40 3° ano EF I - QUEIMADA MASCULINA 3° ano EF I - NEWCOMB FEMININO 1º ano EF I - FUTSAL MASC 1º ano EF I - CIRCUITO
TABELA OFICIAL DE JOGOS 2026 II.pdf,14,12,ROXO x P-____________ FEMININO
TABELA OFICIAL DE JOGOS 2026 II.pdf,14,13,VERMELHO x P-_______________ ROXO x P-_____________
TABELA OFICIAL DE JOGOS 2026 II.pdf,14,14,15h20 3° ano EF I - QUEIMADA MASCULINA 3° ano EF I - NEWCOMB FEMININO 1º ano EF I - FUTSAL MASC
TABELA OFICIAL DE JOGOS 2026 II.pdf,14,15,ROXO x V-____________
TABELA OFICIAL DE JOGOS 2026 II.pdf,14,16,VERMELHO x V-_______________
TABELA OFICIAL DE JOGOS 2026 II.pdf,14,17,ROXO x V-_____________
TABELA OFICIAL DE JOGOS 2026 II.pdf,14,18,16h INTERVALO INTERVALO INTERVALO INTERVALO
TABELA OFICIAL DE JOGOS 2026 II.pdf,14,19,16h20 3° ano EF I - QUEIMADA FEMININA 3° ano EF I - NEWCOMB MASC 1º ano EF I - FUTSAL FEM 1º ano EF I - CORRIDA
TABELA OFICIAL DE JOGOS 2026 II.pdf,14,20,VERMELHO x ROXO MASCULINA
TABELA OFICIAL DE JOGOS 2026 II.pdf,14,21,ROXO x VERDE
TABELA OFICIAL DE JOGOS 2026 II.pdf,14,22,VERMELHO x VERDE
TABELA OFICIAL DE JOGOS 2026 II.pdf,14,23,17h 3° ano EF I - QUEIMADA FEMININA 3° ano EF I - NEWCOMB MASC 1º ano EF I - FUTSAL FEM 1º ano EF I - CIRCUITO
TABELA OFICIAL DE JOGOS 2026 II.pdf,14,24,VERDE x P-____________ MASCULINO
TABELA OFICIAL DE JOGOS 2026 II.pdf,14,25,VERMELHO x P-_______________ ROXO x P-_____________
TABELA OFICIAL DE JOGOS 2026 II.pdf,14,26,17h30 3° ano EF I - QUEIMADA FEMININA 3° ano EF I - NEWCOMB MASC 1º ano EF I - FUTSAL FEM
TABELA OFICIAL DE JOGOS 2026 II.pdf,14,27,VERMELHO x V-_______________ ROXO x V-_____________ VERDE x V-____________
TABELA OFICIAL DE JOGOS 2026 II.pdf,15,1,DATA: QUARTA-FEIRA - 6 DE MAIO 2026. TURNO: TARDE
TABELA OFICIAL DE JOGOS 2026 II.pdf,15,2,LOCAL: MONTEIRO OPEN
TABELA OFICIAL DE JOGOS 2026 II.pdf,15,3,HORÁRIOS: QUADRA 1: QUADRA 2: QUADRA GRANDE
TABELA OFICIAL DE JOGOS 2026 II.pdf,15,4,Arbitragem: Arbitragem: Arbitragem:
TABELA OFICIAL DE JOGOS 2026 II.pdf,15,5,Coordenação: Bruno Coordenação: Victor Coordenação:
TABELA OFICIAL DE JOGOS 2026 II.pdf,15,6,Mesário: Mesário: Mesário:
TABELA OFICIAL DE JOGOS 2026 II.pdf,15,7,14h 2º ano EF I - DODGEBALL - MASC 2º ano EF I - DODGEBALL - FEM
TABELA OFICIAL DE JOGOS 2026 II.pdf,15,8,VERMELHO x ROXO ROXO x VERDE
TABELA OFICIAL DE JOGOS 2026 II.pdf,15,9,14h40 2º ano EF I - DODGEBALL - MASC 2º ano EF I - DODGEBALL -FEM
TABELA OFICIAL DE JOGOS 2026 II.pdf,15,10,VERDE x P-________________ VERMELHO x P-____________
TABELA OFICIAL DE JOGOS 2026 II.pdf,15,11,15h20 2º ano EF I - DODGEBALL - MASC 2º ano EF I - DODGEBALL - FEM
TABELA OFICIAL DE JOGOS 2026 II.pdf,15,12,VERDE x V-________________ VERMELHO x V-____________
TABELA OFICIAL DE JOGOS 2026 II.pdf,15,13,16h INTERVALO INTERVALO
TABELA OFICIAL DE JOGOS 2026 II.pdf,15,14,16h30 2º ano EF I - CORRIDA - MASCULINO 2º ano EF I - CORRIDA FEMININO
TABELA OFICIAL DE JOGOS 2026 II.pdf,15,15,17h10 2º ano EF I - CIRCUITO MASCULINO 2º ano EF I - CIRCUITO FEMININO
TABELA OFICIAL DE JOGOS 2026 II.pdf,16,1,DATA: QUINTA-FEIRA - 7 DE MAIO 2026. TURNO: MANHÃ
TABELA OFICIAL DE JOGOS 2026 II.pdf,16,2,LOCAL: COLÉGIO MONTEIRO LOBATO
TABELA OFICIAL DE JOGOS 2026 II.pdf,16,3,HORÁRIOS: QUADRA GRANDE QUADRA PEQUENA QUADRA COBERTA QUADRA VOLEIBOL
TABELA OFICIAL DE JOGOS 2026 II.pdf,16,4,Arbitragem: Arbitragem: Arbitragem: Arbitragem:
TABELA OFICIAL DE JOGOS 2026 II.pdf,16,5,Coordenação: Gilmar coordenação: Karen Coordenação: Coordenação:
TABELA OFICIAL DE JOGOS 2026 II.pdf,16,6,Mesário: Fabio Mesário: Vinicius Mesário: Mesário:
TABELA OFICIAL DE JOGOS 2026 II.pdf,16,7,8h 5° ano EF I - HANDEBOL MASCULINO 5° ano EF I - HANDEBOL FEMININO
TABELA OFICIAL DE JOGOS 2026 II.pdf,16,8,ROXO x VERDE VERMELHO x ROXO
TABELA OFICIAL DE JOGOS 2026 II.pdf,16,9,8h40 5° ano EF I - HANDEBOL MASCULINO 5° ano EF I - HANDEBOL FEMININO
TABELA OFICIAL DE JOGOS 2026 II.pdf,16,10,VERMELHO x P-___________________ VERDE x P-____________________
TABELA OFICIAL DE JOGOS 2026 II.pdf,16,11,9h20 5° ano EF I - HANDEBOL MASCULINO 5° ano EF I - HANDEBOL FEMININO
TABELA OFICIAL DE JOGOS 2026 II.pdf,16,12,VERMELHO x V-____________________ VERDE x V-____________________
TABELA OFICIAL DE JOGOS 2026 II.pdf,16,13,10h RECREIO RECREIO RECREIO RECREIO
TABELA OFICIAL DE JOGOS 2026 II.pdf,16,14,10h20 5° ano EF I - BASQUETE MASCULINO 5° ano EF I - BASQUETE FEMININO
TABELA OFICIAL DE JOGOS 2026 II.pdf,16,15,VERMELHO x VERDE ROXO x VERDE
TABELA OFICIAL DE JOGOS 2026 II.pdf,16,16,10h50 5° ano EF I - BASQUETE MASCULINO 5° ano EF I - BASQUETE FEMININO
TABELA OFICIAL DE JOGOS 2026 II.pdf,16,17,ROXO x P-_______________________ VERMELHO x P-_________________
TABELA OFICIAL DE JOGOS 2026 II.pdf,16,18,11h20 5° ano EF I - BASQUETE MASCULINO 5° ano EF I - BASQUETE FEMININO
TABELA OFICIAL DE JOGOS 2026 II.pdf,16,19,ROXO x V-_______________________ VERMELHO x V-_________________
TABELA OFICIAL DE JOGOS 2026 II.pdf,17,1,DATA: QUINTA-FEIRA - 7 DE MAIO 2026. TURNO: MANHÃ
TABELA OFICIAL DE JOGOS 2026 II.pdf,17,2,LOCAL: MONTEIRO OPEN
TABELA OFICIAL DE JOGOS 2026 II.pdf,17,3,HORÁRIOS: QUADRA 1: QUADRA 2: QUADRA GRANDE
TABELA OFICIAL DE JOGOS 2026 II.pdf,17,4,Arbitragem: Arbitragem: Arbitragem:
TABELA OFICIAL DE JOGOS 2026 II.pdf,17,5,Coordenação: Coordenação: Viviane (10:30) Coordenação:
TABELA OFICIAL DE JOGOS 2026 II.pdf,17,6,Mesário: Mesário: Gabriel Mesário: Thayna
TABELA OFICIAL DE JOGOS 2026 II.pdf,17,7,(*COLOCAR AS GOLEIRAS MÓVEIS)
TABELA OFICIAL DE JOGOS 2026 II.pdf,17,8,8h 4° ano EF I - HANDEBOL MASC 4° ano EF I - HANDEBOL FEM
TABELA OFICIAL DE JOGOS 2026 II.pdf,17,9,VERMELHO x VERDE VERMELHO x ROXO
TABELA OFICIAL DE JOGOS 2026 II.pdf,17,10,8h40 4° ano EF I - HANDEBOL MASC 4° ano EF I - HANDEBOL FEM
TABELA OFICIAL DE JOGOS 2026 II.pdf,17,11,ROXO x P-_______________ VERDE x P-_______________
TABELA OFICIAL DE JOGOS 2026 II.pdf,17,12,9h20 4° ano EF I - HANDEBOL MASC 4° ano EF I - HANDEBOL FEM
TABELA OFICIAL DE JOGOS 2026 II.pdf,17,13,ROXO x V-_______________ VERDE x V-_______________
TABELA OFICIAL DE JOGOS 2026 II.pdf,17,14,10h INTERVALO INTERVALO INTERVALO
TABELA OFICIAL DE JOGOS 2026 II.pdf,17,15,10h20 4° ano EF I - BASQUETE MASC 4° ano EF I - BASQUETE FEM
TABELA OFICIAL DE JOGOS 2026 II.pdf,17,16,ROXO x VERDE VERMELHO x VERDE
TABELA OFICIAL DE JOGOS 2026 II.pdf,17,17,10h50 4° ano EF I - BASQUETE MASC 4° ano EF I - BASQUETE FEM
TABELA OFICIAL DE JOGOS 2026 II.pdf,17,18,VERMELHO x P-_______________ ROXO x P-_______________
TABELA OFICIAL DE JOGOS 2026 II.pdf,17,19,11h20 4° ano EF I - BASQUETE MASC 4° ano EF I - BASQUETE FEM
TABELA OFICIAL DE JOGOS 2026 II.pdf,17,20,VERMELHO x V-_______________ ROXO x V-_______________
TABELA OFICIAL DE JOGOS 2026 II.pdf,18,1,ENSINO FUNDAMENTAL II E ENSINO MÉDIO
TABELA OFICIAL DE JOGOS 2026 II.pdf,18,2,DATA: QUINTA-FEIRA - 7 DE MAIO 2026. TURNO: MANHÃ E TARDE
TABELA OFICIAL DE JOGOS 2026 II.pdf,18,3,LOCAL: ESTÁDIO DA PUCRS
TABELA OFICIAL DE JOGOS 2026 II.pdf,18,4,HORÁRIOS CAMPO DE FUTEBOL 11 CAIXA DE AREIA COLCHÃO DE SALTOS COLCHÃO DE SALTOS PISTA DE CORRIDA
TABELA OFICIAL DE JOGOS 2026 II.pdf,18,5,: GRAMA NATURAL ESTÁDIO ESTÁDIO INDOOR Arbitragem:
TABELA OFICIAL DE JOGOS 2026 II.pdf,18,6,APOIO
TABELA OFICIAL DE JOGOS 2026 II.pdf,18,7,Arbitragem:_______________
TABELA OFICIAL DE JOGOS 2026 II.pdf,18,8,GERAL
TABELA OFICIAL DE JOGOS 2026 II.pdf,18,9,Arbitragem:___________ Arbitragem:___________ Arbitragem:___________ Coordenação: Daniel
TABELA OFICIAL DE JOGOS 2026 II.pdf,18,10,Coordenação: Amadeu
TABELA OFICIAL DE JOGOS 2026 II.pdf,18,11,Coordenação: Coordenação: Coordenação:
TABELA OFICIAL DE JOGOS 2026 II.pdf,18,12,Mesário:
TABELA OFICIAL DE JOGOS 2026 II.pdf,18,13,Mesário: Mesário: Mesário: Mesário:
TABELA OFICIAL DE JOGOS 2026 II.pdf,18,14,"09h 3º, 2º e 1º anos EM SALTO EM DISTÂNCIA - SALTO EM ALTURA SALTO EM ALTURA CORRIDA"
TABELA OFICIAL DE JOGOS 2026 II.pdf,18,15,"Futebol de campo - FEMININO 6º e 7º anos - MASC 8º ano - MASC 9º ano - MASC 1º, 2º e 3º anos MASC"
TABELA OFICIAL DE JOGOS 2026 II.pdf,18,16,VERMELHO x ROXO
TABELA OFICIAL DE JOGOS 2026 II.pdf,18,17,"10h 3º, 2º e 1º anos EM SALTO EM DISTÂNCIA SALTO EM ALTURA SALTO EM ALTURA CORRIDA"
TABELA OFICIAL DE JOGOS 2026 II.pdf,18,18,"Futebol de campo - FEMININO 1º, 2º e 3º anos MASC 6º ano - MASC 7º ano - MASC 8º e 9º anos MASC"
TABELA OFICIAL DE JOGOS 2026 II.pdf,18,19,VERDE x P-_________
TABELA OFICIAL DE JOGOS 2026 II.pdf,18,20,"11h 3º, 2º e 1º anos EM SALTO EM DISTÂNCIA SALTO EM ALTURA SALTO EM ALTURA CORRIDA"
TABELA OFICIAL DE JOGOS 2026 II.pdf,18,21,Futebol de campo - FEMININO 8º e 9º anos MASC 3º e 2º anos EM MASC 1ª ano EM MASC 6º e 7º anos MASC
TABELA OFICIAL DE JOGOS 2026 II.pdf,18,22,VERDE x V-_________
TABELA OFICIAL DE JOGOS 2026 II.pdf,18,23,12h INTERVALO INTERVALO INTERVALO INTERVALO INTERVALO
TABELA OFICIAL DE JOGOS 2026 II.pdf,18,24,"14h 3º, 2º e 1º anos EM SALTO EM DISTÂNCIA - SALTO EM ALTURA SALTO EM ALTURA CORRIDA"
TABELA OFICIAL DE JOGOS 2026 II.pdf,18,25,"Futebol de campo - MASC 6º e 7º anos - FEM 8º ano - FEM 9º ano - FEM 1º, 2º e 3º anos FEM"
TABELA OFICIAL DE JOGOS 2026 II.pdf,18,26,VERMELHO x ROXO
TABELA OFICIAL DE JOGOS 2026 II.pdf,18,27,"15h 3º, 2º e 1º anos EM SALTO EM DISTÂNCIA SALTO EM ALTURA SALTO EM ALTURA CORRIDA"
TABELA OFICIAL DE JOGOS 2026 II.pdf,18,28,"Futebol de campo - MASC 1º, 2º e 3º anos FEM 6º ano - FEM 7º ano - FEM 8º e 9º anos FEM"
TABELA OFICIAL DE JOGOS 2026 II.pdf,18,29,VERDE x P-_________
TABELA OFICIAL DE JOGOS 2026 II.pdf,18,30,"16h 3º, 2º e 1º anos EM SALTO EM DISTÂNCIA SALTO EM ALTURA SALTO EM ALTURA CORRIDA"
TABELA OFICIAL DE JOGOS 2026 II.pdf,18,31,Futebol de campo - MASC 8º e 9º anos FEM 3º e 2º anos EM - FEM 1ª ano EM - FEM 6º e 7º anos FEM
TABELA OFICIAL DE JOGOS 2026 II.pdf,18,32,VERDE x V-_________
TABELA OFICIAL DE JOGOS 2026 II.pdf,19,1,DATA: QUINTA-FEIRA - 7 DE MAIO 2026. TURNO: MANHÃ E TARDE
TABELA OFICIAL DE JOGOS 2026 II.pdf,19,2,LOCAL: CAMPOS DE FUTEBOL 7 - PUCRS
TABELA OFICIAL DE JOGOS 2026 II.pdf,19,3,HORÁRIOS: QUADRA A DE FUTEBOL 7 QUADRA B DE FUTEBOL 7
TABELA OFICIAL DE JOGOS 2026 II.pdf,19,4,APOIO Arbitragem: Arbitragem:
TABELA OFICIAL DE JOGOS 2026 II.pdf,19,5,GERAL Coordenação: Bruno Coordenação:
TABELA OFICIAL DE JOGOS 2026 II.pdf,19,6,Mesário: Mesário:
TABELA OFICIAL DE JOGOS 2026 II.pdf,19,7,9h 9º e 8º ano - FUTEBOL 7 - FEM 6º e 7º ano - FUTEBOL 7 - FEM
TABELA OFICIAL DE JOGOS 2026 II.pdf,19,8,ROXO x VERDE VERMELHO x VERDE
TABELA OFICIAL DE JOGOS 2026 II.pdf,19,9,10h 9º e 8º ano - FUTEBOL 7 - FEM 6º e 7º ano - FUTEBOL 7 - FEM
TABELA OFICIAL DE JOGOS 2026 II.pdf,19,10,VERMELHO x P___________ ROXO x P-____________
TABELA OFICIAL DE JOGOS 2026 II.pdf,19,11,11h 9º e 8º ano - FUTEBOL 7 - FEM 6º e 7º ano - FUTEBOL 7 - FEM
TABELA OFICIAL DE JOGOS 2026 II.pdf,19,12,VERMELHO x V-__________ ROXO x V-____________
TABELA OFICIAL DE JOGOS 2026 II.pdf,19,13,12h INTERVALO INTERVALO
TABELA OFICIAL DE JOGOS 2026 II.pdf,19,14,14h 9º e 8º ano - FUTEBOL 7 - MASC 6º e 7º ano -FUTEBOL 7 - MASC
TABELA OFICIAL DE JOGOS 2026 II.pdf,19,15,ROXO x VERDE VERMELHO x VERDE
TABELA OFICIAL DE JOGOS 2026 II.pdf,19,16,15h 9º e 8º ano - FUTEBOL 7 - MASC 6º e 7º ano -FUTEBOL 7 - MASC
TABELA OFICIAL DE JOGOS 2026 II.pdf,19,17,VERMELHO x P___________ ROXO x P-____________
TABELA OFICIAL DE JOGOS 2026 II.pdf,19,18,16h 9º e 8º ano - FUTEBOL 7 - MASC 6º e 7º ano - FUTEBOL 7 MASC
TABELA OFICIAL DE JOGOS 2026 II.pdf,19,19,VERMELHO x V-__________ ROXO x V-____________
TABELA OFICIAL DE JOGOS 2026 II.pdf,20,0,
